{
  "validUser": { "username": "standard_user", "password": "secret_sauce" },
  "lockedUser": { "username": "locked_out_user", "password": "secret_sauce" },
  "problemUser": { "username": "problem_user", "password": "secret_sauce" },
  "performanceGlitchUser": { "username": "performance_glitch_user", "password": "secret_sauce" },
  "errorUser": { "username": "error_user", "password": "secret_sauce" },
  "visualUser": { "username": "visual_user", "password": "secret_sauce" },
  "invalidUser": { "username": "invalid_user", "password": "secret_sauce" },
  "wrongPassword": { "username": "standard_user", "password": "wrong_password" }
}
